{
    "Links": {
        "5->10": {
            "n0": 5,
            "n1": 10
        },
        "destination": {
            "n0": 11,
            "n1": -2
        },
        "origin": {
            "n0": -1,
            "n1": 6
        },
        "8->9": {
            "n0": 8,
            "n1": 9
        },
        "2->0": {
            "n0": 2,
            "n1": 0
        },
        "4->2": {
            "n0": 4,
            "n1": 2
        },
        "7->8": {
            "n0": 7,
            "n1": 8
        },
        "0->1": {
            "n0": 0,
            "n1": 1
        },
        "1->3": {
            "n0": 1,
            "n1": 3
        },
        "3->5": {
            "n0": 3,
            "n1": 5
        },
        "in": {
            "n0": 6,
            "n1": 61
        },
        "out": {
            "n0": 10,
            "n1": 11
        },
        "9->10": {
            "n0": 9,
            "n1": 10
        },
        "7->4": {
            "n0": 7,
            "n1": 4
        },
        "in1": {
            "n0": 61,
            "n1": 7
        }
    },
    "Nodes": {
        "0": [
            36.50392150878906,
            1.376741737127304
        ],
        "1": [
            47.34469985961914,
            1.376741737127304
        ],
        "2": [
            35.03742218017578,
            2.704878330230713
        ],
        "3": [
            49.40349197387695,
            2.704878330230713
        ],
        "4": [
            35.003517150878906,
            15.061091423034668
        ],
        "5": [
            49.40349197387695,
            14.677010536193848
        ],
        "6": [
            0.5047876238822937,
            16.180769443511963
        ],
        "7": [
            33.82268142700195,
            16.212037563323975
        ],
        "8": [
            36.27881622314453,
            16.212037563323975
        ],
        "9": [
            48.29299545288086,
            16.212037563323975
        ],
        "10": [
            50.71281051635742,
            16.212037563323975
        ],
        "11": [
            52.92949295043945,
            16.180769443511963
        ],
        "-2": [
            68.96492004394531,
            16.212417602539062
        ],
        "61": [
            3.8523590564727783,
            16.212037563323975
        ],
        "-1": [
            -12.587876319885254,
            16.282318115234375
        ]
    }
}