{
    "0": {
        "e1": {
            "v1": [
                0.020614564418792725,
                0.11709403991699219
            ],
            "v0": [
                0.3217127025127411,
                0.11708545684814453
            ]
        },
        "e3": {
            "v1": [
                0.0206146240234375,
                17.459211349487305
            ],
            "v0": [
                0.321712851524353,
                17.45920753479004
            ]
        },
        "e2": {
            "v1": [
                0.0206146240234375,
                17.459211349487305
            ],
            "v0": [
                0.020614564418792725,
                0.11709403991699219
            ]
        },
        "e0": {
            "v1": [
                0.3217127025127411,
                0.11708545684814453
            ],
            "v0": [
                0.321712851524353,
                17.45920753479004
            ]
        }
    },
    "1": {
        "e1": {
            "v1": [
                38.94826126098633,
                15.306266784667969
            ],
            "v0": [
                45.49976348876953,
                15.306266784667969
            ]
        },
        "e3": {
            "v1": [
                38.94826126098633,
                15.81768798828125
            ],
            "v0": [
                45.4997673034668,
                15.81768798828125
            ]
        },
        "e2": {
            "v1": [
                38.94826126098633,
                15.81768798828125
            ],
            "v0": [
                38.94826126098633,
                15.306266784667969
            ]
        },
        "e0": {
            "v1": [
                45.49976348876953,
                15.306266784667969
            ],
            "v0": [
                45.4997673034668,
                15.81768798828125
            ]
        }
    },
    "2": {
        "e1": {
            "v1": [
                38.94826126098633,
                16.549285888671875
            ],
            "v0": [
                45.49976348876953,
                16.549285888671875
            ]
        },
        "e3": {
            "v1": [
                38.94826126098633,
                17.060707092285156
            ],
            "v0": [
                45.4997673034668,
                17.060707092285156
            ]
        },
        "e2": {
            "v1": [
                38.94826126098633,
                17.060707092285156
            ],
            "v0": [
                38.94826126098633,
                16.549285888671875
            ]
        },
        "e0": {
            "v1": [
                45.49976348876953,
                16.549285888671875
            ],
            "v0": [
                45.4997673034668,
                17.060707092285156
            ]
        }
    },
    "3": {
        "e1": {
            "v1": [
                0.40207889676094055,
                0.1319422721862793
            ],
            "v0": [
                0.7031770348548889,
                0.13193511962890625
            ]
        },
        "e3": {
            "v1": [
                0.4020789563655853,
                14.979516983032227
            ],
            "v0": [
                0.7031772136688232,
                14.979513168334961
            ]
        },
        "e2": {
            "v1": [
                0.4020789563655853,
                14.979516983032227
            ],
            "v0": [
                0.40207889676094055,
                0.1319422721862793
            ]
        },
        "e0": {
            "v1": [
                0.7031770348548889,
                0.13193511962890625
            ],
            "v0": [
                0.7031772136688232,
                14.979513168334961
            ]
        }
    },
    "4": {
        "e1": {
            "v1": [
                33.66853332519531,
                0.1319422721862793
            ],
            "v0": [
                33.969635009765625,
                0.13193511962890625
            ]
        },
        "e3": {
            "v1": [
                33.66853332519531,
                14.979516983032227
            ],
            "v0": [
                33.969635009765625,
                14.979513168334961
            ]
        },
        "e2": {
            "v1": [
                33.66853332519531,
                14.979516983032227
            ],
            "v0": [
                33.66853332519531,
                0.1319422721862793
            ]
        },
        "e0": {
            "v1": [
                33.969635009765625,
                0.13193511962890625
            ],
            "v0": [
                33.969635009765625,
                14.979513168334961
            ]
        }
    },
    "5": {
        "e1": {
            "v1": [
                53.41997146606445,
                0.0373372957110405
            ],
            "v0": [
                53.41999435424805,
                0.33843544125556946
            ]
        },
        "e3": {
            "v1": [
                0.5238704681396484,
                0.037335045635700226
            ],
            "v0": [
                0.5238838195800781,
                0.33843329548835754
            ]
        },
        "e2": {
            "v1": [
                0.5238704681396484,
                0.037335045635700226
            ],
            "v0": [
                53.41997146606445,
                0.0373372957110405
            ]
        },
        "e0": {
            "v1": [
                53.41999435424805,
                0.33843544125556946
            ],
            "v0": [
                0.5238838195800781,
                0.33843329548835754
            ]
        }
    },
    "6": {
        "e1": {
            "v1": [
                48.33842468261719,
                2.5031440258026123
            ],
            "v0": [
                48.33842849731445,
                2.73189640045166
            ]
        },
        "e3": {
            "v1": [
                36.10546112060547,
                2.503143548965454
            ],
            "v0": [
                36.10546112060547,
                2.731896162033081
            ]
        },
        "e2": {
            "v1": [
                36.10546112060547,
                2.503143548965454
            ],
            "v0": [
                48.33842468261719,
                2.5031440258026123
            ]
        },
        "e0": {
            "v1": [
                48.33842849731445,
                2.73189640045166
            ],
            "v0": [
                36.10546112060547,
                2.731896162033081
            ]
        }
    },
    "7": {
        "e1": {
            "v1": [
                50.507545471191406,
                0.1319422721862793
            ],
            "v0": [
                50.80864715576172,
                0.13193511962890625
            ]
        },
        "e3": {
            "v1": [
                50.507545471191406,
                14.979516983032227
            ],
            "v0": [
                50.80864715576172,
                14.979513168334961
            ]
        },
        "e2": {
            "v1": [
                50.507545471191406,
                14.979516983032227
            ],
            "v0": [
                50.507545471191406,
                0.1319422721862793
            ]
        },
        "e0": {
            "v1": [
                50.80864715576172,
                0.13193511962890625
            ],
            "v0": [
                50.80864715576172,
                14.979513168334961
            ]
        }
    },
    "8": {
        "e1": {
            "v1": [
                36.09242630004883,
                2.6605567932128906
            ],
            "v0": [
                36.36275863647461,
                2.660550594329834
            ]
        },