{
    "0": {
        "Id": 11,
        "e0": {
            "v1": [
                52.92949295043945,
                15.286561012268066
            ],
            "v0": [
                52.92949295043945,
                17.07497787475586
            ]
        }
    },
    "1": {
        "Id": 8,
        "e0": {
            "v1": [
                36.27881622314453,
                17.109336853027344
            ],
            "v0": [
                36.27881622314453,
                15.314738273620605
            ]
        }
    },
    "2": {
        "Id": 9,
        "e0": {
            "v1": [
                47.90981674194336,
                17.109336853027344
            ],
            "v0": [
                47.90981674194336,
                15.314738273620605
            ]
        }
    },
    "3": {
        "Id": 10,
        "e0": {
            "v1": [
                50.71281051635742,
                17.109336853027344
            ],
            "v0": [
                50.71281051635742,
                15.314738273620605
            ]
        }
    },
    "4": {
        "Id": 5,
        "e0": {
            "v1": [
                50.3007926940918,
                14.297565460205078
            ],
            "v0": [
                48.50619125366211,
                14.297565460205078
            ]
        }
    },
    "5": {
        "Id": 3,
        "e0": {
            "v1": [
                50.3007926940918,
                3.470526695251465
            ],
            "v0": [
                48.50619125366211,
                3.470526695251465
            ]
        }
    },
    "6": {
        "Id": 2,
        "e0": {
            "v1": [
                35.934722900390625,
                3.470526695251465
            ],
            "v0": [
                34.14012145996094,
                3.470526695251465
            ]
        }
    },
    "7": {
        "Id": 0,
        "e0": {
            "v1": [
                36.50392150878906,
                2.274041175842285
            ],
            "v0": [
                36.50392150878906,
                0.479442298412323
            ]
        }
    },
    "8": {
        "Id": 1,
        "e0": {
            "v1": [
                47.34469985961914,
                2.274041175842285
            ],
            "v0": [
                47.34469985961914,
                0.479442298412323
            ]
        }
    },
    "9": {
        "Id": 4,
        "e0": {
            "v1": [
                35.90081787109375,
                15.061091423034668
            ],
            "v0": [
                34.10621643066406,
                15.061091423034668
            ]
        }
    },
    "10": {
        "Id": 61,
        "e0": {
            "v1": [
                4.950756072998047,
                17.109336853027344
            ],
            "v0": [
                4.950756072998047,
                15.314738273620605
            ]
        }
    },
    "11": {
        "Id": 7,
        "e0": {
            "v1": [
                31.638566970825195,
                17.109336853027344
            ],
            "v0": [
                31.638566970825195,
                15.314738273620605
            ]
        }
    },
    "12": {
        "Id": 6,
        "e0": {
            "v1": [
                0.5047876238822937,
                15.286561012268066
            ],
            "v0": [
                0.5047876238822937,
                17.07497787475586
            ]
        }
    }
}