{
    "0": {
        "e0": {
            "v1": [
                52.92949295043945,
                15.286561012268066
            ],
            "v0": [
                52.92949295043945,
                17.07497787475586
            ]
        },
        "Id": 11
    },
    "1": {
        "e0": {
            "v1": [
                36.27881622314453,
                17.109336853027344
            ],
            "v0": [
                36.27881622314453,
                15.314738273620605
            ]
        },
        "Id": 8
    },
    "2": {
        "e0": {
            "v1": [
                48.29299545288086,
                17.109336853027344
            ],
            "v0": [
                48.29299545288086,
                15.314738273620605
            ]
        },
        "Id": 9
    },
    "3": {
        "e0": {
            "v1": [
                50.71281051635742,
                17.109336853027344
            ],
            "v0": [
                50.71281051635742,
                15.314738273620605
            ]
        },
        "Id": 10
    },
    "4": {
        "e0": {
            "v1": [
                50.3007926940918,
                14.677010536193848
            ],
            "v0": [
                48.50619125366211,
                14.677010536193848
            ]
        },
        "Id": 5
    },
    "5": {
        "e0": {
            "v1": [
                50.3007926940918,
                2.704878330230713
            ],
            "v0": [
                48.50619125366211,
                2.704878330230713
            ]
        },
        "Id": 3
    },
    "6": {
        "e0": {
            "v1": [
                35.934722900390625,
                2.704878330230713
            ],
            "v0": [
                34.14012145996094,
                2.704878330230713
            ]
        },
        "Id": 2
    },
    "7": {
        "e0": {
            "v1": [
                36.50392150878906,
                2.274041175842285
            ],
            "v0": [
                36.50392150878906,
                0.479442298412323
            ]
        },
        "Id": 0
    },
    "8": {
        "e0": {
            "v1": [
                47.34469985961914,
                2.274041175842285
            ],
            "v0": [
                47.34469985961914,
                0.479442298412323
            ]
        },
        "Id": 1
    },
    "9": {
        "e0": {
            "v1": [
                35.90081787109375,
                15.061091423034668
            ],
            "v0": [
                34.10621643066406,
                15.061091423034668
            ]
        },
        "Id": 4
    },
    "10": {
        "e0": {
            "v1": [
                33.82268142700195,
                17.109336853027344
            ],
            "v0": [
                33.82268142700195,
                15.314738273620605
            ]
        },
        "Id": 7
    },
    "11": {
        "e0": {
            "v1": [
                0.5047876238822937,
                15.286561012268066
            ],
            "v0": [
                0.5047876238822937,
                17.07497787475586
            ]
        },
        "Id": 6
    }
}